Cell-Description,Test-ID,Test-Series,S-FTRC-Generation,Test-Date,Cell-Format,Cell-Capacity-Ah,Cell-Nominal-Voltage-V,Cell-Energy-Wh,Trigger-Mechanism,Avg-Cell-Temp-At-Trigger-degC
KULR 18650-K330,DLS19_Dec_Run036,DLS19_Dec,V10.0,2019-12-13,18650,3.3,3.6,11.879999999999999,Heater (ISC),130.16562
KULR 18650-K330,DLS19_Dec_Run037,DLS19_Dec,V10.0,2019-12-13,18650,3.3,3.6,11.879999999999999,Heater (ISC),165.03871
KULR 18650-K330,DLS19_Dec_Run038,DLS19_Dec,V10.0,2019-12-13,18650,3.3,3.6,11.879999999999999,Heater (ISC),219.34555
KULR 18650-K330,DLS19_Dec_Run039,DLS19_Dec,V10.0,2019-12-13,18650,3.3,3.6,11.879999999999999,Heater (ISC),139.851815
KULR 18650-K330,DLS19_Dec_Run041,DLS19_Dec,V10.0,2019-12-13,18650,3.3,3.6,11.879999999999999,Heater (ISC),239.83976
KULR 18650-K330,DLS19_Dec_Run085,DLS19_Dec,V10.0,2019-12-14,18650,3.3,3.6,11.879999999999999,Heater (ISC),231.285635
KULR 18650-K330,DLS19_Dec_Run086,DLS19_Dec,V10.0,2019-12-14,18650,3.3,3.6,11.879999999999999,Heater (ISC),223.21516
KULR 18650-K330,DLS19_Dec_Run087,DLS19_Dec,V10.0,2019-12-14,18650,3.3,3.6,11.879999999999999,Heater (ISC),240.42719
KULR 18650-K330,DLS19_Dec_Run088,DLS19_Dec,V10.0,2019-12-14,18650,3.3,3.6,11.879999999999999,Heater (ISC),245.009025
KULR 18650-K330,ESRF18_Oct_Run001,ESRF18_Oct,V9.0,2018-10-26,18650,3.3,3.6,11.879999999999999,Heater (Non-ISC),296.68422
KULR 18650-K330,ESRF18_Oct_Run002,ESRF18_Oct,V9.0,2018-10-26,18650,3.3,3.6,11.879999999999999,Heater (Non-ISC),247.77281
KULR 18650-K330,ESRF18_Oct_Run003,ESRF18_Oct,V9.0,2018-10-26,18650,3.3,3.6,11.879999999999999,Heater (Non-ISC),252.18554
KULR 18650-K330,ESRF18_Oct_Run004,ESRF18_Oct,V9.0,2018-10-26,18650,3.3,3.6,11.879999999999999,Heater (Non-ISC),245.20037
KULR 18650-K330,ESRF18_Oct_Run055,ESRF18_Oct,V9.0,2018-10-29,18650,3.3,3.6,11.879999999999999,Heater (Non-ISC),226.20204
KULR 18650-K330,DLS19_Feb_Run098,DLS19_Feb,V9.1,2019-02-16,18650,3.3,3.6,11.879999999999999,Heater (Non-ISC),225.77041000000003
KULR 18650-K330,DLS19_Dec_Run031,DLS19_Dec,V10.0,2019-12-12,18650,3.3,3.6,11.879999999999999,Heater (Non-ISC),235.511085
KULR 18650-K330,DLS19_Dec_Run032,DLS19_Dec,V10.0,2019-12-14,18650,3.3,3.6,11.879999999999999,Heater (Non-ISC),234.092405
KULR 18650-K330,DLS19_Dec_Run033,DLS19_Dec,V10.0,2019-12-14,18650,3.3,3.6,11.879999999999999,Heater (Non-ISC),230.27685
KULR 18650-K330,DLS19_Dec_Run034,DLS19_Dec,V10.0,2019-12-14,18650,3.3,3.6,11.879999999999999,Heater (Non-ISC),248.68833
KULR 18650-K330,ESRF18_Oct_Run057,ESRF18_Oct,V9.0,2018-10-29,18650,3.3,3.6,11.879999999999999,Nail,
KULR 18650-K330,DLS19_Feb_Run051,DLS19_Feb,V9.1,2019-02-15,18650,3.3,3.6,11.879999999999999,Nail,
KULR 18650-K330,DLS19_Feb_Run053,DLS19_Feb,V9.1,2019-02-15,18650,3.3,3.6,11.879999999999999,Nail,
KULR 21700-K500,DLS19_Dec_Run010,DLS19_Dec,V10.0,2019-12-12,21700,5.0,3.6,18.0,Heater (ISC),198.81297
KULR 21700-K500,DLS19_Dec_Run012,DLS19_Dec,V10.0,2019-12-12,21700,5.0,3.6,18.0,Heater (ISC),231.61023
KULR 21700-K500,DLS19_Dec_Run014,DLS19_Dec,V10.0,2019-12-12,21700,5.0,3.6,18.0,Heater (ISC),138.29991
KULR 21700-K500,DLS19_Dec_Run016,DLS19_Dec,V10.0,2019-12-12,21700,5.0,3.6,18.0,Heater (ISC),219.826517777778
KULR 21700-K500,DLS19_Dec_Run018,DLS19_Dec,V10.0,2019-12-12,21700,5.0,3.6,18.0,Heater (ISC),150.098285
KULR 21700-K500,DLS19_Dec_Run020,DLS19_Dec,V10.0,2019-12-13,21700,5.0,3.6,18.0,Heater (ISC),238.12194
KULR 21700-K500,DLS19_Dec_Run081,DLS19_Dec,V10.0,2019-12-14,21700,5.0,3.6,18.0,Heater (ISC),206.333715
KULR 21700-K500,DLS19_Dec_Run082,DLS19_Dec,V10.0,2019-12-14,21700,5.0,3.6,18.0,Heater (ISC),81.24709
KULR 21700-K500,DLS19_Dec_Run083,DLS19_Dec,V10.0,2019-12-14,21700,5.0,3.6,18.0,Heater (ISC),102.75858
KULR 21700-K500,DLS19_Dec_Run084,DLS19_Dec,V10.0,2019-12-14,21700,5.0,3.6,18.0,Heater (ISC),204.055175
KULR 21700-K500,ESRF18_Oct_Run037,ESRF18_Oct,V9.0,2018-10-27,21700,5.0,3.6,18.0,Heater (Non-ISC),233.43295
KULR 21700-K500,ESRF18_Oct_Run039,ESRF18_Oct,V9.0,2018-10-27,21700,5.0,3.6,18.0,Heater (Non-ISC),195.013585
KULR 21700-K500,ESRF18_Oct_Run040,ESRF18_Oct,V9.0,2018-10-27,21700,5.0,3.6,18.0,Heater (Non-ISC),257.0263
KULR 21700-K500,DLS19_Feb_Run093,DLS19_Feb,V9.1,2019-02-16,21700,5.0,3.6,18.0,Heater (Non-ISC),188.18111
KULR 21700-K500,DLS19_Dec_Run024,DLS19_Dec,V10.0,2019-12-12,21700,5.0,3.6,18.0,Heater (Non-ISC),271.478045
KULR 21700-K500,DLS19_Dec_Run026,DLS19_Dec,V10.0,2019-12-14,21700,5.0,3.6,18.0,Heater (Non-ISC),242.28872
KULR 21700-K500,DLS19_Dec_Run028,DLS19_Dec,V10.0,2019-12-14,21700,5.0,3.6,18.0,Heater (Non-ISC),244.020705
KULR 21700-K500,DLS19_Dec_Run030,DLS19_Dec,V10.0,2019-12-14,21700,5.0,3.6,18.0,Heater (Non-ISC),203.64681
KULR 21700-K500,ESRF18_Oct_Run058,ESRF18_Oct,V9.0,2018-10-29,21700,5.0,3.6,18.0,Nail,
KULR 21700-K500,ESRF18_Oct_Run070,ESRF18_Oct,V9.0,2018-10-29,21700,5.0,3.6,18.0,Nail,
KULR 21700-K500,DLS19_Feb_Run049,DLS19_Feb,V9.1,2019-02-15,21700,5.0,3.6,18.0,Nail,
KULR 21700-K500,DLS19_Feb_Run054,DLS19_Feb,V9.1,2019-02-15,21700,5.0,3.6,18.0,Nail,
KULR 21700-K500,DLS19_Feb_Run055,DLS19_Feb,V9.1,2019-02-15,21700,5.0,3.6,18.0,Nail,
KULR 21700-K500,DLS19_Dec_Run046,DLS19_Dec,V10.0,2019-12-13,21700,5.0,3.6,18.0,Nail,
KULR 21700-K500,DLS19_Dec_Run048,DLS19_Dec,V10.0,2019-12-13,21700,5.0,3.6,18.0,Nail,
KULR 21700-K500,DLS19_Dec_Run050,DLS19_Dec,V10.0,2019-12-13,21700,5.0,3.6,18.0,Nail,
KULR 21700-K500,DLS19_Dec_Run052,DLS19_Dec,V10.0,2019-12-13,21700,5.0,3.6,18.0,Nail,
KULR 21700-K500,DLS19_Dec_Run054,DLS19_Dec,V10.0,2019-12-14,21700,5.0,3.6,18.0,Nail,
KULR 21700-K500,DLS19_Dec_Run056,DLS19_Dec,V10.0,2019-12-14,21700,5.0,3.6,18.0,Nail,
KULR 21700-K500,DLS19_Dec_Run058,DLS19_Dec,V10.0,2019-12-14,21700,5.0,3.6,18.0,Nail,
LG 18650-HG2,ESRF18_Oct_Run103,ESRF18_Oct,V9.0,2018-10-28,21700,3.0,3.6,10.8,Heater (Non-ISC),322.922645
LG 18650-HG2,ESRF18_Oct_Run105,ESRF18_Oct,V9.0,2018-10-28,18650,3.0,3.6,10.8,Heater (Non-ISC),215.73179
LG 18650-HG2,ESRF18_Oct_Run106,ESRF18_Oct,V9.0,2018-10-28,18650,3.0,3.6,10.8,Heater (Non-ISC),324.99194500000004
LG 18650-HG2,ESRF18_Oct_Run104,ESRF18_Oct,V9.0,2019-10-28,18650,3.0,3.6,10.8,Heater (Non-ISC),240.73824
LG 18650-M36,DLS18_Feb_Run012,DLS18_Feb,V7.0|8.0,2018-02-08,18650,3.44,3.63,12.4872,Heater (Non-ISC),266.08414
LG 18650-M36,DLS18_Feb_Run013,DLS18_Feb,V7.0|8.0,2018-02-08,18650,3.44,3.63,12.4872,Heater (Non-ISC),237.99151
LG 18650-M36,DLS18_Feb_Run014,DLS18_Feb,V7.0|8.0,2018-02-08,18650,3.44,3.63,12.4872,Heater (Non-ISC),284.14436
LG 18650-M36,SPR2021_ESTA_8B100-01_SOC_RUN072,SPR2021_ESTA_8B100-01_SOC,V10.0,2021-04-12,18650,3.44,3.63,12.4872,Heater (Non-ISC),257.134255
LG 18650-M36,SPR2021_ESTA_8B100-01_SOC_RUN073,SPR2021_ESTA_8B100-01_SOC,V10.0,2021-04-12,18650,3.44,3.63,12.4872,Heater (Non-ISC),216.980105
LG 18650-M36,SPR2021_ESTA_8B100-01_SOC_RUN074,SPR2021_ESTA_8B100-01_SOC,V10.0,2021-04-12,18650,3.44,3.63,12.4872,Heater (Non-ISC),241.08762
LG 18650-M36,SPR2021_ESTA_8B100-01_SOC_RUN075,SPR2021_ESTA_8B100-01_SOC,V10.0,2021-04-12,18650,3.44,3.63,12.4872,Heater (Non-ISC),217.54438
LG 18650-M36,SPR2021_ESTA_8B100-01_SOC_RUN126,SPR2021_ESTA_8B100-01_SOC,V10.0,2021-04-15,18650,3.44,3.63,12.4872,Nail,
LG 18650-M36,SPR2021_ESTA_8B100-01_SOC_RUN127,SPR2021_ESTA_8B100-01_SOC,V10.0,2021-04-15,18650,3.44,3.63,12.4872,Nail,
LG 18650-M36,SPR2021_ESTA_8B100-01_SOC_RUN131,SPR2021_ESTA_8B100-01_SOC,V10.0,2021-04-15,18650,3.44,3.63,12.4872,Nail,
LG 18650-M36,SPR2021_ESTA_8B100-01_SOC_RUN132,SPR2021_ESTA_8B100-01_SOC,V10.0,2021-04-15,18650,3.44,3.63,12.4872,Nail,
LG 18650-M36,SPR2021_ESTA_8B100-01_SOC_RUN133,SPR2021_ESTA_8B100-01_SOC,V10.0,2021-04-15,18650,3.44,3.63,12.4872,Nail,
LG 18650-M36,SPR2021_ESTA_8B100-01_SOC_RUN134,SPR2021_ESTA_8B100-01_SOC,V10.0,2021-04-15,18650,3.44,3.63,12.4872,Nail,
LG 18650-M36,SPR2021_ESTA_8B100-01_SOC_RUN135,SPR2021_ESTA_8B100-01_SOC,V10.0,2021-04-16,18650,3.44,3.63,12.4872,Nail,
LG 18650-M36,SPR2021_ESTA_8B100-01_SOC_RUN136,SPR2021_ESTA_8B100-01_SOC,V10.0,2021-04-16,18650,3.44,3.63,12.4872,Nail,
LG 18650-M36,SPR2021_ESTA_8B100-01_SOC_RUN137,SPR2021_ESTA_8B100-01_SOC,V10.0,2021-04-16,18650,3.44,3.63,12.4872,Nail,
LG 18650-M36,SPR2021_ESTA_8B100-01_SOC_RUN138,SPR2021_ESTA_8B100-01_SOC,V10.0,2021-04-16,18650,3.44,3.63,12.4872,Nail,
LG 18650-M36,SPR2021_ESTA_8B100-01_SOC_RUN139,SPR2021_ESTA_8B100-01_SOC,V10.0,2021-04-16,18650,3.44,3.63,12.4872,Nail,
LG 18650-M36,SPR2021_ESTA_8B100-01_SOC_RUN141,SPR2021_ESTA_8B100-01_SOC,V10.0,2021-04-16,18650,3.44,3.63,12.4872,Nail,
LG 18650-MJ1 ,ESTA17_Oct_O-F_Run001,ESTA17_Oct_O-F,V7.0|8.0,2017-10-19,18650,3.5,3.6285714285714286,12.7,Heater (Non-ISC),256.224745
LG 18650-MJ1 ,ESTA17_Oct_O-F_Run002,ESTA17_Oct_O-F,V7.0|8.0,2017-10-19,18650,3.5,3.6285714285714286,12.7,Heater (Non-ISC),252.97537499999999
LG 18650-MJ1 ,ESTA17_Oct_O-F_Run004,ESTA17_Oct_O-F,V7.0|8.0,2017-10-24,18650,3.5,3.6285714285714286,12.7,Heater (Non-ISC),246.405305
LG 18650-MJ1 ,ESTA17_Oct_O-F_Run005,ESTA17_Oct_O-F,V7.0|8.0,2017-10-24,18650,3.5,3.6285714285714286,12.7,Heater (Non-ISC),255.214015
LG 18650-MJ1 ,ESTA17_Oct_O-F_Run007,ESTA17_Oct_O-F,V7.0|8.0,2017-10-24,18650,3.5,3.6285714285714286,12.7,Heater (Non-ISC),259.66574
LG 18650-MJ1 ,ESTA17_Oct_O-F_Run008,ESTA17_Oct_O-F,V7.0|8.0,2017-10-25,18650,3.5,3.6285714285714286,12.7,Heater (Non-ISC),254.506235
LG 18650-MJ1 ,ESTA17_Oct_O-F_Run010,ESTA17_Oct_O-F,V7.0|8.0,2017-10-25,18650,3.5,3.6285714285714286,12.7,Heater (Non-ISC),281.9763
LG 18650-MJ1 ,ESTA17_Nov_O-F_Run011,ESTA17_Nov_O-F,V7.0|8.0,2017-11-20,18650,3.5,3.6285714285714286,12.7,Heater (Non-ISC),294.54362000000003
LG 18650-MJ1 ,ESTA17_Nov_O-F_Run012,ESTA17_Nov_O-F,V7.0|8.0,2017-11-20,18650,3.5,3.6285714285714286,12.7,Heater (Non-ISC),278.19856000000004
LG 18650-MJ1 ,ESTA17_Nov_O-F_Run013,ESTA17_Nov_O-F,V7.0|8.0,2017-11-20,18650,3.5,3.6285714285714286,12.7,Heater (Non-ISC),312.43869
LG 18650-MJ1 ,DLS18_Feb_Run055,DLS18_Feb,V7.0|8.0,2018-02-10,18650,3.5,3.6285714285714286,12.7,Heater (Non-ISC),247.36046
LG 18650-MJ1 ,DLS18_Feb_Run056,DLS18_Feb,V7.0|8.0,2018-02-10,18650,3.5,3.6285714285714286,12.7,Heater (Non-ISC),237.133055
LG 18650-MJ1 ,DLS18_Feb_Run059,DLS18_Feb,V7.0|8.0,2018-02-10,18650,3.5,3.6285714285714286,12.7,Heater (Non-ISC),271.71836499999995
LG 18650-MJ1 ,DLS18_Feb_Run060,DLS18_Feb,V7.0|8.0,2018-02-10,18650,3.5,3.6285714285714286,12.7,Heater (Non-ISC),262.836185
LG 18650-MJ1 ,DLS18_Feb_Run062,DLS18_Feb,V7.0|8.0,2018-02-10,18650,3.5,3.6285714285714286,12.7,Heater (Non-ISC),269.073175
LG 18650-MJ1 ,SPR2021_ESTA_8B100-01_SOC_RUN001,SPR2021_ESTA_8B100-01_SOC,V10.0,2021-03-02,18650,3.5,3.6285714285714286,12.7,Nail,18.185355
LG 18650-MJ1 ,SPR2021_ESTA_8B100-01_SOC_RUN002,SPR2021_ESTA_8B100-01_SOC,V10.0,2021-03-02,18650,3.5,3.6285714285714286,12.7,Nail,14.63418
LG 18650-MJ1 ,SPR2021_ESTA_8B100-01_SOC_RUN003,SPR2021_ESTA_8B100-01_SOC,V10.0,2021-03-02,18650,3.5,3.6285714285714286,12.7,Nail,15.84346
LG 18650-MJ1 ,SPR2021_ESTA_8B100-01_SOC_RUN004,SPR2021_ESTA_8B100-01_SOC,V10.0,2021-03-02,18650,3.5,3.6285714285714286,12.7,Nail,20.85461
LG 18650-MJ1 ,SPR2021_ESTA_8B100-01_SOC_RUN005,SPR2021_ESTA_8B100-01_SOC,V10.0,2021-03-02,18650,3.5,3.6285714285714286,12.7,Nail,24.28672
LG 18650-MJ1 ,SPR2021_ESTA_8B100-01_SOC_RUN006,SPR2021_ESTA_8B100-01_SOC,V10.0,2021-03-03,18650,3.5,3.6285714285714286,12.7,Nail,16.80411
LG 18650-MJ1 ,SPR2021_ESTA_8B100-01_SOC_RUN007,SPR2021_ESTA_8B100-01_SOC,V10.0,2021-03-03,18650,3.5,3.6285714285714286,12.7,Nail,19.55188
LG 18650-MJ1 ,SPR2021_ESTA_8B100-01_SOC_RUN008,SPR2021_ESTA_8B100-01_SOC,V10.0,2021-03-03,18650,3.5,3.6285714285714286,12.7,Nail,21.973945
LG 18650-MJ1 ,SPR2021_ESTA_8B100-01_SOC_RUN009,SPR2021_ESTA_8B100-01_SOC,V10.0,2021-03-03,18650,3.5,3.6285714285714286,12.7,Nail,20.643665
LG 18650-MJ1 ,SPR2021_ESTA_8B100-01_SOC_RUN010,SPR2021_ESTA_8B100-01_SOC,V10.0,2021-03-04,18650,3.5,3.6285714285714286,12.7,Nail,12.215195
LG 18650-MJ1 ,SPR2021_ESTA_8B100-01_SOC_RUN011,SPR2021_ESTA_8B100-01_SOC,V10.0,2021-03-04,18650,3.5,3.6285714285714286,12.7,Nail,19.78651
LG 18650-MJ1 ,SPR2021_ESTA_8B100-01_SOC_RUN012,SPR2021_ESTA_8B100-01_SOC,V10.0,2021-03-04,18650,3.5,3.6285714285714286,12.7,Nail,21.67787
LG 18650-MJ1 ,SPR2021_ESTA_8B100-01_SOC_RUN013,SPR2021_ESTA_8B100-01_SOC,V10.0,2021-03-04,18650,3.5,3.6285714285714286,12.7,Nail,23.50079
LG 18650-MJ1 ,SPR2021_ESTA_8B100-01_SOC_RUN014,SPR2021_ESTA_8B100-01_SOC,V10.0,2021-03-03,18650,3.5,3.6285714285714286,12.7,Nail,18.95347
LG 18650-MJ1,SPR2021_ESTA_8B100-01_SOC_RUN015,SPR2021_ESTA_8B100-01_SOC,V10.0,2021-03-03,18650,3.5,3.6285714285714286,12.7,Nail,20.75295
LG 18650-MJ1,SPR2021_ESTA_8B100-01_SOC_RUN016,SPR2021_ESTA_8B100-01_SOC,V10.0,2021-03-04,18650,3.5,3.6285714285714286,12.7,Nail,15.48344
LG 18650-MJ1,SPR2021_ESTA_8B100-01_SOC_RUN017,SPR2021_ESTA_8B100-01_SOC,V10.0,2021-03-04,18650,3.5,3.6285714285714286,12.7,Nail,26.935945
LG 18650-MJ1,SPR2021_ESTA_8B100-01_SOC_RUN018,SPR2021_ESTA_8B100-01_SOC,V10.0,2021-03-04,18650,3.5,3.6285714285714286,12.7,Nail,23.60412
LG 18650-MJ1,SPR2021_ESTA_8B100-01_SOC_RUN019,SPR2021_ESTA_8B100-01_SOC,V10.0,2021-03-04,18650,3.5,3.6285714285714286,12.7,Nail,23.85447
LG 18650-MJ1,SPR2021_ESTA_8B100-01_SOC_RUN020,SPR2021_ESTA_8B100-01_SOC,V10.0,2021-03-04,18650,3.5,3.62857142857143,12.7,Nail,23.43266
LG 18650-Test Cell (BV-220),ESRF17_Oct_Run003,ESRF17_Oct,V7.0|8.0,2017-10-05,18650,3.44,3.63,12.4872,Heater (ISC),130.26871
LG 18650-Test Cell (BV-220),ESRF17_Oct_Run004,ESRF17_Oct,V7.0|8.0,2017-10-05,18650,3.44,3.63,12.4872,Heater (ISC),86.6007
LG 18650-Test Cell (BV-220),ESRF17_Oct_Run005,ESRF17_Oct,V7.0|8.0,2017-10-05,18650,3.44,3.63,12.4872,Heater (ISC),98.7952
LG 18650-Test Cell (BV-220),ESRF17_Oct_Run006,ESRF17_Oct,V7.0|8.0,2017-10-05,18650,3.44,3.63,12.4872,Heater (ISC),186.41081
LG 18650-Test Cell (BV-220),ESRF17_Oct_Run007,ESRF17_Oct,V7.0|8.0,2017-10-05,18650,3.44,3.63,12.4872,Heater (ISC),179.16148
LG 18650-Test Cell (BV-220),ESRF17_Oct_Run008,ESRF17_Oct,V7.0|8.0,2017-10-05,18650,3.44,3.63,12.4872,Heater (ISC),188.57491
LG 18650-Test Cell (BV-220),ESRF17_Oct_Run009,ESRF17_Oct,V7.0|8.0,2017-10-05,18650,3.44,3.63,12.4872,Heater (ISC),141.00023
LG 18650-Test Cell (BV-220),ESRF17_Oct_Run016,ESRF17_Oct,V7.0|8.0,2017-10-06,18650,3.44,3.63,12.4872,Heater (ISC),82.532695
LG 18650-Test Cell (BV-220),ESRF17_Oct_Run018,ESRF17_Oct,V7.0|8.0,2017-10-06,18650,3.44,3.63,12.4872,Heater (ISC),256.84693
LG 18650-Test Cell (BV-220),ESRF17_Oct_Run019,ESRF17_Oct,V7.0|8.0,2017-10-06,18650,3.44,3.63,12.4872,Heater (ISC),189.07643000000002
LG 18650-Test Cell (BV-220),DLS18_Feb_Run016,DLS18_Feb,V7.0|8.0,2018-02-08,18650,3.44,3.63,12.4872,Heater (ISC),185.887595
LG 18650-Test Cell (BV-220),DLS18_Feb_Run028,DLS18_Feb,V7.0|8.0,2018-02-08,18650,3.44,3.63,12.4872,Heater (ISC),220.14285
LG 18650-Test Cell (BV-220),ESRF17_Oct_Run012,ESRF17_Oct,V7.0|8.0,2017-10-06,18650,3.44,3.63,12.4872,Heater (Non-ISC),250.99828
LG 18650-Test Cell (BV-220),ESRF17_Oct_Run013,ESRF17_Oct,V7.0|8.0,2017-10-06,18650,3.44,3.63,12.4872,Heater (Non-ISC),257.524695
LG 18650-Test Cell (BV-220),ESRF17_Oct_Run022,ESRF17_Oct,V7.0|8.0,2017-10-06,18650,3.44,3.63,12.4872,Heater (Non-ISC),272.809125
LG 18650-Test Cell (BV-220),DLS18_Feb_Run047,DLS18_Feb,V7.0|8.0,2018-02-10,18650,3.44,3.63,12.4872,Heater (Non-ISC),253.85303
LG 18650-Test Cell (BV-250),ESRF18_Oct_Run018,ESRF18_Oct,V9.0,2018-10-27,18650,3.44,3.63,12.4872,Heater (ISC),167.05155
LG 18650-Test Cell (BV-250),ESRF18_Oct_Run036,ESRF18_Oct,V9.0,2018-10-27,18650,3.44,3.63,12.4872,Heater (ISC),115.70006
LG 18650-Test Cell (BV-250),DLS19_Feb_Run074,DLS19_Feb,V9.1,2019-02-15,18650,3.44,3.63,12.4872,Heater (ISC),71.879125
LG 18650-Test Cell (BV-250),DLS19_Feb_Run075,DLS19_Feb,V9.1,2019-02-15,18650,3.44,3.63,12.4872,Heater (ISC),177.70388
LG 18650-Test Cell (BV-250),DLS19_Feb_Run076,DLS19_Feb,V9.1,2019-02-15,18650,3.44,3.63,12.4872,Heater (ISC),196.162595
LG 18650-Test Cell (BV-250),DLS19_Feb_Run077,DLS19_Feb,V9.1,2019-02-15,18650,3.44,3.63,12.4872,Heater (ISC),194.64925499999998
LG 18650-Test Cell (BV-250),DLS19_Feb_Run078,DLS19_Feb,V9.1,2019-02-16,18650,3.44,3.63,12.4872,Heater (ISC),194.812265
LG 18650-Test Cell (BV-250),DLS19_Feb_Run079,DLS19_Feb,V9.1,2019-02-16,18650,3.44,3.63,12.4872,Heater (ISC),104.656395
LG 18650-Test Cell (BV-250),DLS19_Feb_Run080,DLS19_Feb,V9.1,2019-02-16,18650,3.44,3.63,12.4872,Heater (ISC),159.40006
LG 18650-Test Cell (BV-250),DLS19_Feb_Run081,DLS19_Feb,V9.1,2019-02-16,18650,3.44,3.63,12.4872,Heater (ISC),188.553175
LG 18650-Test Cell (BV-250),DLS19_Feb_Run082,DLS19_Feb,V9.1,2019-02-16,18650,3.44,3.63,12.4872,Heater (ISC),75.71773999999999
LG 18650-Test Cell (BV-250),DLS19_Feb_Run083,DLS19_Feb,V9.1,2019-02-16,18650,3.44,3.63,12.4872,Heater (ISC),91.37874
LG 18650-Test Cell (BV-250),DLS19_Feb_Run084,DLS19_Feb,V9.1,2019-02-16,18650,3.44,3.63,12.4872,Heater (ISC),84.19299
LG 18650-Test Cell (BV-250),DLS19_Feb_Run085,DLS19_Feb,V9.1,2019-02-16,18650,3.44,3.63,12.4872,Heater (ISC),174.237695
LG 18650-Test Cell (NBV-220),ESRF17_Oct_Run023,ESRF17_Oct,V7.0|8.0,2017-10-06,18650,3.44,3.63,12.4872,Heater (ISC),134.03728
LG 18650-Test Cell (NBV-220),DLS18_Feb_Run003,DLS18_Feb,V7.0|8.0,2018-02-07,18650,3.44,3.63,12.4872,Heater (ISC),78.88904
LG 18650-Test Cell (NBV-220),ESRF17_Oct_Run015,ESRF17_Oct,V7.0|8.0,2017-10-06,18650,3.44,3.63,12.4872,Heater (Non-ISC),261.86111
LG 18650-Test Cell (NBV-220),ESRF17_Oct_Run021,ESRF17_Oct,V7.0|8.0,2017-10-06,18650,3.44,3.63,12.4872,Heater (Non-ISC),244.17652
LG 18650-Test Cell (NBV-220),DLS18_Feb_Run010,DLS18_Feb,V7.0|8.0,2018-02-08,18650,3.44,3.63,12.4872,Heater (Non-ISC),215.53818
LG 18650-Test Cell (NBV-220),DLS18_Feb_Run011,DLS18_Feb,V7.0|8.0,2018-02-08,18650,3.44,3.63,12.4872,Heater (Non-ISC),259.03623
LG 18650-Test Cell (NBV-250),ESRF17_Oct_Run002,ESRF17_Oct,V7.0|8.0,2017-10-05,18650,3.44,3.63,12.4872,Heater (ISC),139.04505
LG 18650-Test Cell (NBV-250),ESRF17_Oct_Run010,ESRF17_Oct,V7.0|8.0,2017-10-05,18650,3.44,3.63,12.4872,Heater (ISC),135.39978
LG 18650-Test Cell (NBV-250),ESRF17_Oct_Run020,ESRF17_Oct,V7.0|8.0,2017-10-06,18650,3.44,3.63,12.4872,Heater (ISC),203.94016
LG 18650-Test Cell (NBV-250),DLS18_Feb_Run004,DLS18_Feb,V7.0|8.0,2018-02-07,18650,3.44,3.63,12.4872,Heater (ISC),102.485325
LG 18650-Test Cell (NBV-250),DLS18_Feb_Run005,DLS18_Feb,V7.0|8.0,2018-02-07,18650,3.44,3.63,12.4872,Heater (ISC),135.8228
LG 18650-Test Cell (NBV-250),DLS18_Feb_Run006,DLS18_Feb,V7.0|8.0,2018-02-07,18650,3.44,3.63,12.4872,Heater (ISC),121.39681
LG 18650-Test Cell (NBV-250),DLS18_Feb_Run007,DLS18_Feb,V7.0|8.0,2018-02-07,18650,3.44,3.63,12.4872,Heater (ISC),135.79593
LG 18650-Test Cell (NBV-250),DLS18_Feb_Run008,DLS18_Feb,V7.0|8.0,2018-02-07,18650,3.44,3.63,12.4872,Heater (ISC),175.160875
LG 18650-Test Cell (NBV-250),DLS18_Feb_Run009,DLS18_Feb,V7.0|8.0,2018-02-07,18650,3.44,3.63,12.4872,Heater (ISC),215.36806
LG 18650-Test Cell (NBV-250),DLS18_Feb_Run026,DLS18_Feb,V7.0|8.0,2018-02-08,18650,3.44,3.63,12.4872,Heater (ISC),105.46222499999999
LG 18650-Test Cell (NBV-250),DLS18_Feb_Run027,DLS18_Feb,V7.0|8.0,2018-02-08,18650,3.44,3.63,12.4872,Heater (ISC),120.06646
LG 21700-M50 (BV),ESRF18_Oct_Run041,ESRF18_Oct,V9.0,2018-10-27,21700,5.013774104683195,3.63,18.2,Heater (Non-ISC),250.551485
LG 21700-M50 (BV),ESRF18_Oct_Run042,ESRF18_Oct,V9.0,2018-10-27,21700,5.013774104683195,3.63,18.2,Heater (Non-ISC),209.32326
LG 21700-M50 (BV),ESRF18_Oct_Run043,ESRF18_Oct,V9.0,2018-10-27,21700,5.013774104683195,3.63,18.2,Heater (Non-ISC),262.71578999999997
LG 21700-M50 (BV),ESRF18_Oct_Run044,ESRF18_Oct,V9.0,2018-10-27,21700,5.013774104683195,3.63,18.2,Heater (Non-ISC),240.66339
LG 21700-M50 (BV),DLS19_Feb_Run046,DLS19_Feb,V9.1,2019-02-15,21700,5.013774104683195,3.63,18.2,Heater (Non-ISC),213.38142
LG 21700-M50 (BV),DLS19_Feb_Run089,DLS19_Feb,V9.1,2019-02-16,21700,5.013774104683195,3.63,18.2,Heater (Non-ISC),221.67094
LG 21700-M50 (BV),DLS19_Feb_Run090,DLS19_Feb,V9.1,2019-02-16,21700,5.013774104683195,3.63,18.2,Heater (Non-ISC),202.17837
LG 21700-M50 (BV),DLS19_Feb_Run091,DLS19_Feb,V9.1,2019-02-16,21700,5.013774104683195,3.63,18.2,Heater (Non-ISC),214.455775
LG 21700-M50 (BV),ESRF18_Oct_Run063,ESRF18_Oct,V9.0,2018-10-29,21700,5.013774104683195,3.63,18.2,Nail,
LG 21700-M50 (BV),ESRF18_Oct_Run065,ESRF18_Oct,V9.0,2018-10-29,21700,5.013774104683195,3.63,18.2,Nail,
LG 21700-M50 (BV),ESRF18_Oct_Run067,ESRF18_Oct,V9.0,2018-10-29,21700,5.013774104683195,3.63,18.2,Nail,
LG 21700-M50 (BV),DLS19_Feb_Run045,DLS19_Feb,V9.1,2019-02-15,21700,5.013774104683195,3.63,18.2,Nail,
LG 21700-M50 (BV),DLS19_Feb_Run047,DLS19_Feb,V9.1,2019-02-15,21700,5.013774104683195,3.63,18.2,Nail,
LG 21700-M50 (BV),SPR2021_ESTA_8B100-01_SOC_RUN194,SPR2021_ESTA_8B100-01_SOC,V10.0,2021-04-14,21700,5.013774104683195,3.63,18.2,Nail,23.93188
LG 21700-M50 (BV),SPR2021_ESTA_8B100-01_SOC_RUN195,SPR2021_ESTA_8B100-01_SOC,V10.0,2021-04-14,21700,5.013774104683195,3.63,18.2,Nail,29.300635
LG 21700-M50 (BV),SPR2021_ESTA_8B100-01_SOC_RUN196,SPR2021_ESTA_8B100-01_SOC,V10.0,2021-04-14,21700,5.013774104683195,3.63,18.2,Nail,29.21702
LG 21700-M50 (BV),SPR2021_ESTA_8B100-01_SOC_RUN197,SPR2021_ESTA_8B100-01_SOC,V10.0,2021-04-14,21700,5.013774104683195,3.63,18.2,Nail,29.11062
LG 21700-M50 (BV),SPR2021_ESTA_8B100-01_SOC_RUN198,SPR2021_ESTA_8B100-01_SOC,V10.0,2021-04-14,21700,5.013774104683195,3.63,18.2,Nail,29.151325
LG 21700-M50 (BV),SPR2021_ESTA_8B100-01_SOC_RUN199,SPR2021_ESTA_8B100-01_SOC,V10.0,2021-04-15,21700,5.013774104683195,3.63,18.2,Nail,20.34709
LG 21700-M50 (BV),SPR2021_ESTA_8B100-01_SOC_RUN200,SPR2021_ESTA_8B100-01_SOC,V10.0,2021-04-15,21700,5.013774104683195,3.63,18.2,Nail,24.691545
LG 21700-M50 (BV),SPR2021_ESTA_8B100-01_SOC_RUN201,SPR2021_ESTA_8B100-01_SOC,V10.0,2021-04-15,21700,5.013774104683195,3.63,18.2,Nail,26.47647
LG 21700-M50 (BV),SPR2021_ESTA_8B100-01_SOC_RUN202,SPR2021_ESTA_8B100-01_SOC,V10.0,2021-04-15,21700,5.013774104683195,3.63,18.2,Nail,27.050485
LG 21700-M50 (BV),SPR2021_ESTA_8B100-01_SOC_RUN203,SPR2021_ESTA_8B100-01_SOC,V10.0,2021-04-16,21700,5.013774104683195,3.63,18.2,Nail,20.12067
LG 21700-M50 (BV),SPR2021_ESTA_8B100-01_SOC_RUN204,SPR2021_ESTA_8B100-01_SOC,V10.0,2021-04-16,21700,5.013774104683195,3.63,18.2,Nail,19.49284
LG 21700-M50 (BV),SPR2021_ESTA_8B100-01_SOC_RUN205,SPR2021_ESTA_8B100-01_SOC,V10.0,2021-04-16,21700,5.013774104683195,3.63,18.2,Nail,21.74805
MOLiCEL 18650-J,DLS18_Feb_Run017,DLS18_Feb,V7.0|8.0,2018-02-08,18650,2.37,3.7,8.769,Heater (Non-ISC),279.25367500000004
MOLiCEL 18650-J,DLS18_Feb_Run023,DLS18_Feb,V7.0|8.0,2018-02-08,18650,2.37,3.7,8.769,Heater (Non-ISC),293.5351
MOLiCEL 18650-J,DLS18_Feb_Run024,DLS18_Feb,V7.0|8.0,2018-02-08,18650,2.37,3.7,8.769,Heater (Non-ISC),271.626205
MOLiCEL 18650-J,DLS18_Feb_Run025,DLS18_Feb,V7.0|8.0,2018-02-08,18650,2.37,3.7,8.769,Heater (Non-ISC),329.57417
MOLiCEL 18650-M35A,ESTA20_DEC_NVY_RUN001,ESTA20_DEC_NVY,V10.0,2020-12-16,18650,3.5,3.6,12.6,Heater (Non-ISC),223.511345
MOLiCEL 18650-M35A,ESTA20_DEC_NVY_RUN002,ESTA20_DEC_NVY,V10.0,2020-12-16,18650,3.5,3.6,12.6,Heater (Non-ISC),252.82497
MOLiCEL 18650-M35A,ESTA20_DEC_NVY_RUN003,ESTA20_DEC_NVY,V10.0,2020-12-16,18650,3.5,3.6,12.6,Heater (Non-ISC),234.10745
MOLiCEL 18650-M35A,ESTA20_DEC_NVY_RUN004,ESTA20_DEC_NVY,V10.0,2020-12-16,18650,3.5,3.6,12.6,Heater (Non-ISC),259.22771
MOLiCEL 18650-M35A,ESTA20_DEC_NVY_RUN005,ESTA20_DEC_NVY,V10.0,2020-12-16,18650,3.5,3.6,12.6,Heater (Non-ISC),239.39041
MOLiCEL 18650-M35A,ESTA20_DEC_NVY_RUN006,ESTA20_DEC_NVY,V10.0,2020-12-16,18650,3.5,3.6,12.6,Heater (Non-ISC),262.17321
MOLiCEL 18650-M35A,SPR2021_ESTA_8B100-01_SOC_RUN094,SPR2021_ESTA_8B100-01_SOC,V10.0,2021-04-12,18650,3.5,3.6,12.6,Heater (Non-ISC),232.06845
MOLiCEL 18650-M35A,SPR2021_ESTA_8B100-01_SOC_RUN095,SPR2021_ESTA_8B100-01_SOC,V10.0,2021-04-12,18650,3.5,3.6,12.6,Heater (Non-ISC),256.6409
MOLiCEL 18650-M35A,SPR2021_ESTA_8B100-01_SOC_RUN097,SPR2021_ESTA_8B100-01_SOC,V10.0,2021-04-15,18650,3.5,3.6,12.6,Heater (Non-ISC),239.99156
MOLiCEL 18650-M35A,SPR2021_ESTA_8B100-01_SOC_RUN098,SPR2021_ESTA_8B100-01_SOC,V10.0,2021-04-15,18650,3.5,3.6,12.6,Heater (Non-ISC),226.01044
MOLiCEL 18650-P28A,SPR2021_ESTA_8B100-01_SOC_RUN021,SPR2021_ESTA_8B100-01_SOC,V10.0,2021-03-05,18650,2.8,3.6,10.08,Nail,19.13635
MOLiCEL 18650-P28A,SPR2021_ESTA_8B100-01_SOC_RUN022,SPR2021_ESTA_8B100-01_SOC,V10.0,2021-03-05,18650,2.8,3.6,10.08,Nail,17.18208
MOLiCEL 18650-P28A,SPR2021_ESTA_8B100-01_SOC_RUN023,SPR2021_ESTA_8B100-01_SOC,V10.0,2021-03-05,18650,2.8,3.6,10.08,Nail,20.090285
MOLiCEL 18650-P28A,SPR2021_ESTA_8B100-01_SOC_RUN024,SPR2021_ESTA_8B100-01_SOC,V10.0,2021-03-05,18650,2.8,3.6,10.08,Nail,19.70854
MOLiCEL 18650-P28A,SPR2021_ESTA_8B100-01_SOC_RUN025,SPR2021_ESTA_8B100-01_SOC,V10.0,2021-03-05,18650,2.8,3.6,10.08,Nail,20.718545
MOLiCEL 18650-P28A,SPR2021_ESTA_8B100-01_SOC_RUN026,SPR2021_ESTA_8B100-01_SOC,V10.0,2021-03-05,18650,2.8,3.6,10.08,Nail,21.59967
MOLiCEL 18650-P28A,SPR2021_ESTA_8B100-01_SOC_RUN027,SPR2021_ESTA_8B100-01_SOC,V10.0,2021-03-05,18650,2.8,3.6,10.08,Nail,22.78206
MOLiCEL 18650-P28A,SPR2021_ESTA_8B100-01_SOC_RUN028,SPR2021_ESTA_8B100-01_SOC,V10.0,2021-03-05,18650,2.8,3.6,10.08,Nail,20.654675
MOLiCEL 18650-P28A,SPR2021_ESTA_8B100-01_SOC_RUN029,SPR2021_ESTA_8B100-01_SOC,V10.0,2021-03-05,18650,2.8,3.6,10.08,Nail,22.2943
MOLiCEL 18650-P28A,SPR2021_ESTA_8B100-01_SOC_RUN030,SPR2021_ESTA_8B100-01_SOC,V10.0,2021-03-05,18650,2.8,3.6,10.08,Nail,22.908715
MOLiCEL 18650-P28A,SPR2021_ESTA_8B100-01_SOC_RUN031,SPR2021_ESTA_8B100-01_SOC,V10.0,2021-03-05,18650,2.8,3.6,10.08,Nail,23.41803
MOLiCEL 18650-P28A,SPR2021_ESTA_8B100-01_SOC_RUN032,SPR2021_ESTA_8B100-01_SOC,V10.0,2021-03-05,18650,2.8,3.6,10.08,Nail,23.885515
MOLiCEL 18650-P28A,SPR2021_ESTA_8B100-01_SOC_RUN033,SPR2021_ESTA_8B100-01_SOC,V10.0,2021-03-15,18650,2.8,3.6,10.08,Nail,22.86043
MOLiCEL 18650-P28A,SPR2021_ESTA_8B100-01_SOC_RUN034,SPR2021_ESTA_8B100-01_SOC,V10.0,2021-03-15,18650,2.8,3.6,10.08,Nail,23.552855
MOLiCEL 18650-P28A,SPR2021_ESTA_8B100-01_SOC_RUN036,SPR2021_ESTA_8B100-01_SOC,V10.0,2021-03-16,18650,2.8,3.6,10.08,Nail,24.970365
MOLiCEL 18650-P28A,SPR2021_ESTA_8B100-01_SOC_RUN037,SPR2021_ESTA_8B100-01_SOC,V10.0,2021-03-16,18650,2.8,3.6,10.08,Nail,23.14615
MOLiCEL 18650-P28A,SPR2021_ESTA_8B100-01_SOC_RUN038,SPR2021_ESTA_8B100-01_SOC,V10.0,2021-03-16,18650,2.8,3.6,10.08,Nail,24.31352
MOLiCEL 18650-P28A,SPR2021_ESTA_8B100-01_SOC_RUN039,SPR2021_ESTA_8B100-01_SOC,V10.0,2021-03-16,18650,2.8,3.6,10.08,Nail,23.50363
MOLiCEL 18650-P28A,SPR2021_ESTA_8B100-01_SOC_RUN040,SPR2021_ESTA_8B100-01_SOC,V10.0,2021-03-16,18650,2.8,3.6,10.08,Nail,24.74742
MOLiCEL 18650-P28A,SPR2021_ESTA_8B100-01_SOC_RUN041,SPR2021_ESTA_8B100-01_SOC,V10.0,2021-03-16,18650,2.8,3.6,10.08,Nail,25.43057
MOLiCEL 18650-P28A,SPR2021_ESTA_8B100-01_SOC_RUN042,SPR2021_ESTA_8B100-01_SOC,V10.0,2021-03-16,18650,2.8,3.6,10.08,Nail,25.39962
MOLiCEL 18650-P28A,SPR2021_ESTA_8B100-01_SOC_RUN043,SPR2021_ESTA_8B100-01_SOC,V10.0,2021-03-16,18650,2.8,3.6,10.08,Nail,25.51311
MOLiCEL 18650-P28A,SPR2021_ESTA_8B100-01_SOC_RUN044,SPR2021_ESTA_8B100-01_SOC,V10.0,2021-03-16,18650,2.8,3.6,10.08,Nail,24.59617
MOLiCEL 18650-P28A,SPR2021_ESTA_8B100-01_SOC_RUN045,SPR2021_ESTA_8B100-01_SOC,V10.0,2021-03-16,18650,2.8,3.6,10.08,Nail,25.061645
MOLiCEL 18650-Test Cell,ESRF17_Sep_Oct_Run001,ESRF17_Oct,V7.0|8.0,2017-10-04,18650,2.37,3.7,8.769,Heater (ISC),142.05671
MOLiCEL 18650-Test Cell (DW-Gold),DLS18_Feb_Run018,DLS18_Feb,V7.0|8.0,2018-02-08,18650,2.37,3.7,8.769,Heater (ISC),255.08335
MOLiCEL 18650-Test Cell (DW-Gold),DLS18_Feb_Run019,DLS18_Feb,V7.0|8.0,2018-02-08,18650,2.37,3.7,8.769,Heater (ISC),336.581505
MOLiCEL 18650-Test Cell (DW-Gold),DLS18_Feb_Run057,DLS18_Feb,V7.0|8.0,2018-02-10,18650,2.37,3.7,8.769,Heater (ISC),270.691605
MOLiCEL 18650-Test Cell (DW-Silver),DLS18_Feb_Run020,DLS18_Feb,V7.0|8.0,2018-02-08,18650,2.37,3.7,8.769,Heater (ISC),271.43
MOLiCEL 18650-Test Cell (DW-Silver),DLS18_Feb_Run022,DLS18_Feb,V7.0|8.0,2018-02-08,18650,2.37,3.7,8.769,Heater (ISC),341.92106
MOLiCEL 18650-Test Cell (DW-Silver),DLS18_Feb_Run021,DLS18_Feb,V7.0|8.0,2018-02-18,18650,2.37,3.7,8.769,Heater (ISC),247.197485
Panasonic 18650-BE,DLS18_Feb_Run050,DLS18_Feb,V7.0|8.0,2018-02-10,18650,3.2,3.6,11.520000000000001,Heater (Non-ISC),312.25053
Panasonic 18650-BE,DLS18_Feb_Run051,DLS18_Feb,V7.0|8.0,2018-02-10,18650,3.2,3.6,11.520000000000001,Heater (Non-ISC),299.682095
Saft D-Cell-VES16,ESRF18_Oct_Run045,ESRF18_Oct,V9.0,2018-10-27,D-Cell,4.5,3.6,16.2,Heater (ISC),243.5090525
Saft D-Cell-VES16,ESRF18_Oct_Run047,ESRF18_Oct,V9.0,2018-10-28,D-Cell,4.5,3.6,16.2,Heater (ISC),122.66852
Saft D-Cell-VES16,DLS19_Feb_Run072,DLS19_Feb,V9.1,2019-02-16,D-Cell,4.5,3.6,16.2,Heater (ISC),233.01761
Saft D-Cell-VES16,DLS19_Dec_Run009,DLS19_Dec,V10.0,2019-12-12,D-Cell,4.5,3.6,16.2,Heater (ISC),135.520755
Saft D-Cell-VES16,DLS19_Dec_Run011,DLS19_Dec,V10.0,2019-12-12,D-Cell,4.5,3.6,16.2,Heater (ISC),299.43232
Saft D-Cell-VES16,DLS19_Dec_Run013,DLS19_Dec,V10.0,2019-12-12,D-Cell,4.5,3.6,16.2,Heater (ISC),160.44801999999999
Saft D-Cell-VES16,DLS19_Dec_Run015,DLS19_Dec,V10.0,2019-12-12,D-Cell,4.5,3.6,16.2,Heater (ISC),236.33999999999997
Saft D-Cell-VES16,DLS19_Dec_Run017,DLS19_Dec,V10.0,2019-12-12,D-Cell,4.5,3.6,16.2,Heater (ISC),249.8878
Saft D-Cell-VES16,DLS19_Dec_Run019,DLS19_Dec,V10.0,2019-12-12,D-Cell,4.5,3.6,16.2,Heater (ISC),259.54974500000003
Saft D-Cell-VES16,DLS19_Feb_Run057,DLS19_Feb,V9.1,2019-02-15,D-Cell,4.5,3.6,16.2,Heater (Non-ISC),241.20787
Saft D-Cell-VES16,DLS19_Feb_Run068,DLS19_Feb,V9.1,2019-02-16,D-Cell,4.5,3.6,16.2,Heater (Non-ISC),219.40193
Saft D-Cell-VES16,DLS19_Feb_Run069,DLS19_Feb,V9.1,2019-02-16,D-Cell,4.5,3.6,16.2,Heater (Non-ISC),314.55889375000004
Saft D-Cell-VES16,DLS19_Feb_Run070,DLS19_Feb,V9.1,2019-02-16,D-Cell,4.5,3.6,16.2,Heater (Non-ISC),238.29554000000002
Saft D-Cell-VES16,DLS19_Dec_Run021,DLS19_Dec,V10.0,2019-12-12,D-Cell,4.5,3.6,16.2,Heater (Non-ISC),314.44486
Saft D-Cell-VES16,DLS19_Dec_Run023,DLS19_Dec,V10.0,2019-12-12,D-Cell,4.5,3.6,16.2,Heater (Non-ISC),275.61868000000004
Saft D-Cell-VES16,DLS19_Dec_Run025,DLS19_Dec,V10.0,2019-12-14,D-Cell,4.5,3.6,16.2,Heater (Non-ISC),271.99343
Saft D-Cell-VES16,DLS19_Dec_Run027,DLS19_Dec,V10.0,2019-12-14,D-Cell,4.5,3.6,16.2,Heater (Non-ISC),270.89331500000003
Saft D-Cell-VES16,DLS19_Dec_Run029,DLS19_Dec,V10.0,2019-12-14,D-Cell,4.5,3.6,16.2,Heater (Non-ISC),289.89017
Saft D-Cell-VES16,DLS19_Feb_Run056,DLS19_Feb,V9.1,2019-02-15,D-Cell,4.5,3.6,16.2,Nail,
Saft D-Cell-VES16,DLS19_Feb_Run058,DLS19_Feb,V9.1,2019-02-16,D-Cell,4.5,3.6,16.2,Nail,
Saft D-Cell-VES16,DLS19_Dec_Run047,DLS19_Dec,V10.0,2019-12-13,D-Cell,4.5,3.6,16.2,Nail,
Saft D-Cell-VES16,DLS19_Dec_Run049,DLS19_Dec,V10.0,2019-12-13,D-Cell,4.5,3.6,16.2,Nail,
Saft D-Cell-VES16,DLS19_Dec_Run051,DLS19_Dec,V10.0,2019-12-13,D-Cell,4.5,3.6,16.2,Nail,
Saft D-Cell-VES16,DLS19_Dec_Run053,DLS19_Dec,V10.0,2019-12-14,D-Cell,4.5,3.6,16.2,Nail,
Saft D-Cell-VES16,DLS19_Dec_Run055,DLS19_Dec,V10.0,2019-12-14,D-Cell,4.5,3.6,16.2,Nail,
Saft D-Cell-VES16,DLS19_Dec_Run057,DLS19_Dec,V10.0,2019-12-14,D-Cell,4.5,3.6,16.2,Nail,
Saft D-Cell-VES16,DLS19_Dec_Run059,DLS19_Dec,V10.0,2019-12-14,D-Cell,4.5,3.6,16.2,Nail,
Samsung 18650-26J,DLS19_Dec_Run001,DLS19_Dec,V10.0,2019-12-11,18650,2.6,3.63,9.438,Heater (Non-ISC),288.55152
Samsung 18650-26J,DLS19_Dec_Run002,DLS19_Dec,V10.0,2019-12-11,18650,2.6,3.63,9.438,Heater (Non-ISC),300.641155
Samsung 18650-26J,DLS19_Dec_Run003,DLS19_Dec,V10.0,2019-12-11,18650,2.6,3.63,9.438,Heater (Non-ISC),306.95516
Samsung 18650-26J,DLS19_Dec_Run004,DLS19_Dec,V10.0,2019-12-11,18650,2.6,3.63,9.438,Heater (Non-ISC),325.37776
Samsung 18650-26J,DLS19_Dec_Run005,DLS19_Dec,V10.0,2019-12-11,18650,2.6,3.63,9.438,Heater (Non-ISC),280.09053
Samsung 18650-26J,DLS19_Dec_Run006,DLS19_Dec,V10.0,2019-12-11,18650,2.6,3.63,9.438,Heater (Non-ISC),307.344945
Samsung 18650-26J,DLS19_Dec_Run007,DLS19_Dec,V10.0,2019-12-11,18650,2.6,3.63,9.438,Heater (Non-ISC),291.56814
Samsung 18650-26J,DLS19_Dec_Run008,DLS19_Dec,V10.0,2019-12-11,18650,2.6,3.63,9.438,Heater (Non-ISC),297.6186
Samsung 18650-26J,DLS19_Dec_Run022,DLS19_Dec,V10.0,2019-12-12,18650,2.6,3.63,9.438,Heater (Non-ISC),288.38287
Samsung 18650-26J,DLS19_Dec_Run035,DLS19_Dec,V10.0,2019-12-14,18650,2.6,3.63,9.438,Heater (Non-ISC),291.308245
Samsung 18650-30Q,DLS18_Feb_Run052,DLS18_Feb,V7.0|8.0,2018-02-10,18650,3.0,3.6,10.8,Heater (Non-ISC),306.90413
Samsung 18650-30Q,DLS18_Feb_Run054,DLS18_Feb,V7.0|8.0,2018-02-10,18650,3.0,3.6,10.8,Heater (Non-ISC),289.53518
Samsung 18650-30Q,ESRF18_Oct_Run107,ESRF18_Oct,V9.0,2018-10-28,18650,3.0,3.6,10.8,Heater (Non-ISC),215.27785
Samsung 18650-30Q,ESRF18_Oct_Run108,ESRF18_Oct,V9.0,2018-10-28,18650,3.0,3.6,10.8,Heater (Non-ISC),247.8527
Samsung 18650-30Q,ESRF18_Oct_Run109,ESRF18_Oct,V9.0,2018-10-28,18650,3.0,3.6,10.8,Heater (Non-ISC),289.58047
Samsung 18650-30Q,SPR2021_ESTA_8B100-01_SOC_RUN089,SPR2021_ESTA_8B100-01_SOC,V10.0,2021-04-14,18650,3.0,3.6,10.8,Heater (Non-ISC),196.07205
Samsung 18650-30Q,SPR2021_ESTA_8B100-01_SOC_RUN090,SPR2021_ESTA_8B100-01_SOC,V10.0,2021-04-14,18650,3.0,3.6,10.8,Heater (Non-ISC),226.44472
Samsung 18650-30Q,SPR2021_ESTA_8B100-01_SOC_RUN091,SPR2021_ESTA_8B100-01_SOC,V10.0,2021-04-14,18650,3.0,3.6,10.8,Heater (Non-ISC),227.73078
Samsung 18650-30Q,SPR2021_ESTA_8B100-01_SOC_RUN092,SPR2021_ESTA_8B100-01_SOC,V10.0,2021-04-14,18650,3.0,3.6,10.8,Heater (Non-ISC),235.610965
Samsung 18650-30Q,SPR2021_ESTA_8B100-01_SOC_RUN093,SPR2021_ESTA_8B100-01_SOC,V10.0,2021-04-14,18650,3.0,3.6,10.8,Heater (Non-ISC),226.82863
Sanyo 18650-A,SPR2021_ESTA_8B100-01_SOC_RUN051,SPR2021_ESTA_8B100-01_SOC,V10.0,2021-03-18,18650,2.15,3.6,7.74,Heater (Non-ISC),289.04096
Sanyo 18650-A,SPR2021_ESTA_8B100-01_SOC_RUN052,SPR2021_ESTA_8B100-01_SOC,V10.0,2021-03-18,18650,2.15,3.6,7.74,Heater (Non-ISC),175.01911
Sanyo 18650-A,SPR2021_ESTA_8B100-01_SOC_RUN053,SPR2021_ESTA_8B100-01_SOC,V10.0,2021-03-18,18650,2.15,3.6,7.74,Heater (Non-ISC),314.109705
Sanyo 18650-A,SPR2021_ESTA_8B100-01_SOC_RUN054,SPR2021_ESTA_8B100-01_SOC,V10.0,2021-03-18,18650,2.15,3.6,7.74,Heater (Non-ISC),285.76167
Sanyo 18650-A,SPR2021_ESTA_8B100-01_SOC_RUN055,SPR2021_ESTA_8B100-01_SOC,V10.0,2021-03-19,18650,2.15,3.6,7.74,Heater (Non-ISC),221.155555
Sanyo 18650-A,SPR2021_ESTA_8B100-01_SOC_RUN056,SPR2021_ESTA_8B100-01_SOC,V10.0,2021-03-19,18650,2.15,3.6,7.74,Heater (Non-ISC),294.82756
Sanyo 18650-A,SPR2021_ESTA_8B100-01_SOC_RUN057,SPR2021_ESTA_8B100-01_SOC,V10.0,2021-03-19,18650,2.15,3.6,7.74,Heater (Non-ISC),296.43926
Sanyo 18650-A,SPR2021_ESTA_8B100-01_SOC_RUN058,SPR2021_ESTA_8B100-01_SOC,V10.0,2021-03-19,18650,2.15,3.6,7.74,Heater (Non-ISC),216.42669
Sanyo 18650-A,SPR2021_ESTA_8B100-01_SOC_RUN059,SPR2021_ESTA_8B100-01_SOC,V10.0,2021-03-19,18650,2.15,3.6,7.74,Heater (Non-ISC),311.668405
Sanyo 18650-A,SPR2021_ESTA_8B100-01_SOC_RUN060,SPR2021_ESTA_8B100-01_SOC,V10.0,2021-03-19,18650,2.15,3.6,7.74,Heater (Non-ISC),222.437665
Sanyo 18650-A,SPR2021_ESTA_8B100-01_SOC_RUN061,SPR2021_ESTA_8B100-01_SOC,V10.0,2021-04-12,18650,2.15,3.6,7.74,Heater (Non-ISC),234.78621
Sanyo 18650-A,SPR2021_ESTA_8B100-01_SOC_RUN062,SPR2021_ESTA_8B100-01_SOC,V10.0,2021-04-12,18650,2.15,3.6,7.74,Heater (Non-ISC),198.362135
Sony 18650-VC7,DLS18_Feb_Run048,DLS18_Feb,V7.0|8.0,2018-02-10,18650,3.53,3.5977337110481584,12.7,Heater (Non-ISC),295.23456
Sony 18650-VC7,DLS18_Feb_Run049,DLS18_Feb,V7.0|8.0,2018-02-10,18650,3.53,3.5977337110481584,12.7,Heater (Non-ISC),297.40666
Sony 18650-VC7,DLS18_Feb_Run061,DLS18_Feb,V7.0|8.0,2018-02-10,18650,3.53,3.5977337110481584,12.7,Heater (Non-ISC),275.77637
Sony 18650-VC7,ESTA18_May_E-C_Run001,ESTA18_May_E-C,V7.0|8.0,2018-05-23,18650,3.53,3.5977337110481584,12.7,Heater (Non-ISC),283.09735
Sony 18650-VC7,ESTA18_May_E-C_Run002,ESTA18_May_E-C,V7.0|8.0,2018-05-24,18650,3.53,3.5977337110481584,12.7,Heater (Non-ISC),284.171925
Sony 18650-VC7,ESTA18_Jun_E-C_Run003,ESTA18_Jun_E-C,V7.0|8.0,2018-06-19,18650,3.53,3.5977337110481584,12.7,Heater (Non-ISC),293.82559000000003
Sony 18650-VC7,ESTA18_Jun_E-C_Run004,ESTA18_Jun_E-C,V7.0|8.0,2018-06-22,18650,3.53,3.5977337110481584,12.7,Heater (Non-ISC),290.91074000000003
Sony 18650-VC7,ESTA18_Jun_E-C_Run005,ESTA18_Jun_E-C,V7.0|8.0,2018-06-25,18650,3.53,3.5977337110481584,12.7,Heater (Non-ISC),277.05764999999997
Sony 18650-VC7,ESTA18_Jun_E-C_Run006,ESTA18_Jun_E-C,V7.0|8.0,2018-06-25,18650,3.53,3.5977337110481584,12.7,Heater (Non-ISC),298.177995
Sony 18650-VC7,ESTA18_Jun_E-C_Run007,ESTA18_Jun_E-C,V7.0|8.0,2018-06-28,18650,3.53,3.5977337110481584,12.7,Heater (Non-ISC),268.983055
Sony 18650-VC7,DLS19_Feb_Run123,DLS19_Feb,V9.1,2019-02-16,18650,3.53,3.5977337110481584,12.7,Heater (Non-ISC),187.07671
Sony 18650-VC7,ESTA18_Jun_E-C_Run008,ESTA18_Jun_E-C,V7.0|8.0,2020-06-28,18650,3.53,3.5977337110481584,12.7,Heater (Non-ISC),322.16312
Sony 18650-VTC6,DLS19_Dec_Run042,DLS19_Dec,V10.0,2019-12-13,18650,3.13,3.6,11.268,Heater (Non-ISC),224.621455
Sony 18650-VTC6,DLS19_Dec_Run043,DLS19_Dec,V10.0,2019-12-13,18650,3.13,3.6,11.268,Heater (Non-ISC),228.589205
Sony 18650-VTC6,DLS19_Dec_Run044,DLS19_Dec,V10.0,2019-12-13,18650,3.13,3.6,11.268,Heater (Non-ISC),229.37339
Sony 18650-VTC6,DLS19_Dec_Run045,DLS19_Dec,V10.0,2019-12-13,18650,3.13,3.6,11.268,Heater (Non-ISC),237.939145
Soteria 18650 (AL),ESRF18_Oct_Run025,ESRF18_Oct,V9.0,2018-10-27,18650,2.1,3.65,7.665,Heater (ISC),115.05664
Soteria 18650 (AL),ESRF18_Oct_Run026,ESRF18_Oct,V9.0,2018-10-27,18650,2.1,3.65,7.665,Heater (ISC),109.62699
Soteria 18650 (AL),ESRF18_Oct_Run027,ESRF18_Oct,V9.0,2018-10-27,18650,2.1,3.65,7.665,Heater (ISC),190.66761000000002
Soteria 18650 (AL),ESRF18_Oct_Run028,ESRF18_Oct,V9.0,2018-10-27,18650,2.1,3.65,7.665,Heater (ISC),273.84023
Soteria 18650 (AL),DLS19_Feb_Run005,DLS19_Feb,V9.1,2019-02-13,18650,2.1,3.65,7.665,Heater (ISC),132.425125
Soteria 18650 (AL),ESRF18_Oct_Run005,ESRF18_Oct,V9.0,2018-10-26,18650,2.1,3.65,7.665,Heater (Non-ISC),305.15552
Soteria 18650 (AL),ESRF18_Oct_Run006,ESRF18_Oct,V9.0,2018-10-26,18650,2.1,3.65,7.665,Heater (Non-ISC),254.58656
Soteria 18650 (AL),ESRF18_Oct_Run007,ESRF18_Oct,V9.0,2018-10-26,18650,2.1,3.65,7.665,Heater (Non-ISC),284.98519
Soteria 18650 (AL),ESRF18_Oct_Run071,ESRF18_Oct,V9.0,2018-10-29,18650,2.1,3.65,7.665,Nail,
Soteria 18650 (ALCU),ESRF18_Oct_Run033,ESRF18_Oct,V9.0,2018-10-27,18650,2.1,3.65,7.665,Heater (ISC),123.1516
Soteria 18650 (ALCU),ESRF18_Oct_Run035,ESRF18_Oct,V9.0,2018-10-27,18650,2.1,3.65,7.665,Heater (ISC),97.89804
Soteria 18650 (ALCU),DLS19_Feb_Run011,DLS19_Feb,V9.1,2019-02-14,18650,2.1,3.65,7.665,Heater (ISC),242.60628
Soteria 18650 (ALCU),ESRF18_Oct_Run019,ESRF18_Oct,V9.0,2018-10-27,18650,2.1,3.65,7.665,Heater (Non-ISC),183.95917
Soteria 18650 (ALCU),ESRF18_Oct_Run020,ESRF18_Oct,V9.0,2018-10-27,18650,2.1,3.65,7.665,Heater (Non-ISC),361.55192
Soteria 18650 (ALCU),DLS19_Feb_Run009,DLS19_Feb,V9.1,2019-02-14,18650,2.1,3.65,7.665,Heater (Non-ISC),234.125445
Soteria 18650 (ALCUDW),DLS19_Feb_Run025,DLS19_Feb,V9.1,2019-02-14,18650,2.1,3.65,7.665,Heater (ISC),231.39199000000002
Soteria 18650 (ALCUDW),DLS19_Feb_Run026,DLS19_Feb,V9.1,2019-02-14,18650,2.1,3.65,7.665,Heater (ISC),195.263645
Soteria 18650 (ALCUDW),DLS19_Feb_Run027,DLS19_Feb,V9.1,2019-02-14,18650,2.1,3.65,7.665,Heater (ISC),237.62572
Soteria 18650 (ALCUDW),DLS19_Feb_Run022,DLS19_Feb,V9.1,2019-02-14,18650,2.1,3.65,7.665,Heater (Non-ISC),216.770125
Soteria 18650 (ALCUDW),DLS19_Feb_Run023,DLS19_Feb,V9.1,2019-02-14,18650,2.1,3.65,7.665,Heater (Non-ISC),201.08931
Soteria 18650 (ALCUDW),DLS19_Feb_Run024,DLS19_Feb,V9.1,2019-02-14,18650,2.1,3.65,7.665,Heater (Non-ISC),185.6981
Soteria 18650 (ALCUDW),DLS19_Feb_Run039,DLS19_Feb,V9.1,2019-02-15,18650,2.1,3.65,7.665,Nail,
Soteria 18650 (ALCUDW),DLS19_Feb_Run040,DLS19_Feb,V9.1,2019-02-15,18650,2.1,3.65,7.665,Nail,
Soteria 18650 (ALCUDW),DLS19_Feb_Run041,DLS19_Feb,V9.1,2019-02-15,18650,2.1,3.65,7.665,Nail,
Soteria 18650 (ALDW),DLS19_Feb_Run020,DLS19_Feb,V9.1,2019-02-14,18650,2.1,3.65,7.665,Heater (ISC),128.71926
Soteria 18650 (ALDW),DLS19_Feb_Run028,DLS19_Feb,V9.1,2019-02-14,18650,2.1,3.65,7.665,Heater (ISC),221.57762000000002
Soteria 18650 (ALDW),DLS19_Feb_Run015,DLS19_Feb,V9.1,2019-02-14,18650,2.1,3.65,7.665,Heater (Non-ISC),245.62439
Soteria 18650 (ALDW),DLS19_Feb_Run017,DLS19_Feb,V9.1,2019-02-14,18650,2.1,3.65,7.665,Heater (Non-ISC),243.10553
Soteria 18650 (ALDW),DLS19_Feb_Run038,DLS19_Feb,V9.1,2019-02-15,18650,2.1,3.65,7.665,Nail,
Soteria 18650 (Control),ESRF18_Oct_Run021,ESRF18_Oct,V9.0,2018-10-27,18650,2.1,3.65,7.665,Heater (ISC),96.08643
Soteria 18650 (Control),ESRF18_Oct_Run022,ESRF18_Oct,V9.0,2018-10-27,18650,2.1,3.65,7.665,Heater (ISC),117.78091
Soteria 18650 (Control),ESRF18_Oct_Run023,ESRF18_Oct,V9.0,2018-10-27,18650,2.1,3.65,7.665,Heater (ISC),162.09552
Soteria 18650 (Control),ESRF18_Oct_Run024,ESRF18_Oct,V9.0,2018-10-27,18650,2.1,3.65,7.665,Heater (ISC),118.29442
Soteria 18650 (Control),ESRF18_Oct_Run013,ESRF18_Oct,V9.0,2018-10-27,18650,2.1,3.65,7.665,Heater (Non-ISC),182.02908
Soteria 18650 (Control),ESRF18_Oct_Run014,ESRF18_Oct,V9.0,2018-10-27,18650,2.1,3.65,7.665,Heater (Non-ISC),294.98272
Soteria 18650 (Control),ESRF18_Oct_Run015,ESRF18_Oct,V9.0,2018-10-27,18650,2.1,3.65,7.665,Heater (Non-ISC),143.76541
Soteria 18650 (Control),ESRF18_Oct_Run016,ESRF18_Oct,V9.0,2018-10-27,18650,2.1,3.65,7.665,Heater (Non-ISC),302.89048
Soteria 18650 (Control),ESRF18_Oct_Run064,ESRF18_Oct,V9.0,2018-10-29,18650,2.1,3.65,7.665,Heater (Non-ISC),232.29741
Soteria 18650 (Control),DLS19_Feb_Run012,DLS19_Feb,V9.1,2019-02-14,18650,2.1,3.65,7.665,Heater (Non-ISC),253.18239
Soteria 18650 (Control),ESRF18_Oct_Run066,ESRF18_Oct,V9.0,2018-10-29,18650,2.1,3.65,7.665,Nail,
Soteria 18650 (Control),ESRF18_Oct_Run068,ESRF18_Oct,V9.0,2018-10-29,18650,2.1,3.65,7.665,Nail,
Soteria 18650 (CU),ESRF18_Oct_Run029,ESRF18_Oct,V9.0,2018-10-27,18650,2.1,3.65,7.665,Heater (ISC),106.0247
Soteria 18650 (CU),ESRF18_Oct_Run030,ESRF18_Oct,V9.0,2018-10-27,18650,2.1,3.65,7.665,Heater (ISC),128.55859
Soteria 18650 (CU),ESRF18_Oct_Run032,ESRF18_Oct,V9.0,2018-10-27,18650,2.1,3.65,7.665,Heater (ISC),118.19776
Soteria 18650 (CU),DLS19_Feb_Run008,DLS19_Feb,V9.1,2019-02-13,18650,2.1,3.65,7.665,Heater (ISC),201.47652
Soteria 18650 (CU),ESRF18_Oct_Run009,ESRF18_Oct,V9.0,2018-10-26,18650,2.1,3.65,7.665,Heater (Non-ISC),284.28119
Soteria 18650 (CU),ESRF18_Oct_Run010,ESRF18_Oct,V9.0,2018-10-26,18650,2.1,3.65,7.665,Heater (Non-ISC),252.34997
Soteria 18650 (CU),ESRF18_Oct_Run011,ESRF18_Oct,V9.0,2018-10-27,18650,2.1,3.65,7.665,Heater (Non-ISC),221.00571
Soteria 18650 (CU),ESRF18_Oct_Run012,ESRF18_Oct,V9.0,2018-10-27,18650,2.1,3.65,7.665,Heater (Non-ISC),218.08862
Soteria 18650 (CU),ESRF18_Oct_Run075,ESRF18_Oct,V9.0,2018-10-29,18650,2.1,3.65,7.665,Nail,
Soteria 18650 (CU),ESRF18_Oct_Run076,ESRF18_Oct,V9.0,2018-10-29,18650,2.1,3.65,7.665,Nail,
Soteria 18650 (CU),ESRF18_Oct_Run077,ESRF18_Oct,V9.0,2018-10-29,18650,2.1,3.65,7.665,Nail,
Soteria 18650 (DW),DLS19_Feb_Run032,DLS19_Feb,V9.1,2019-02-14,18650,2.1,3.65,7.665,Heater (ISC),51.729845
Soteria 18650 (DW),DLS19_Feb_Run033,DLS19_Feb,V9.1,2019-02-14,18650,2.1,3.65,7.665,Heater (ISC),60.19159
Soteria 18650 (DW),DLS19_Feb_Run034,DLS19_Feb,V9.1,2019-02-14,18650,2.1,3.65,7.665,Heater (ISC),97.965745
Soteria 18650 (DW),DLS19_Feb_Run035,DLS19_Feb,V9.1,2019-02-14,18650,2.1,3.65,7.665,Heater (ISC),92.655115
Soteria 18650 (DW),DLS19_Feb_Run029,DLS19_Feb,V9.1,2019-02-14,18650,2.1,3.65,7.665,Heater (Non-ISC),233.081395
Soteria 18650 (DW),DLS19_Feb_Run031,DLS19_Feb,V9.1,2019-02-14,18650,2.1,3.65,7.665,Heater (Non-ISC),290.71864
Soteria 18650 (DW),DLS19_Feb_Run042,DLS19_Feb,V9.1,2019-02-15,18650,2.1,3.65,7.665,Nail,
Soteria 18650 (DW),DLS19_Feb_Run043,DLS19_Feb,V9.1,2019-02-15,18650,2.1,3.65,7.665,Nail,
Soteria 18650 (DW),DLS19_Feb_Run044,DLS19_Feb,V9.1,2019-02-15,18650,2.1,3.65,7.665,Nail,
